{"stats":{"minecraft:mined":{"minecraft:grass":4,"minecraft:oak_log":5,"minecraft:dirt":1,"minecraft:iron_ore":3,"minecraft:tall_grass":2,"minecraft:stone":28,"minecraft:oak_leaves":1,"minecraft:crafting_table":1},"minecraft:used":{"minecraft:crafting_table":2,"minecraft:furnace":1,"minecraft:stone_pickaxe":28,"minecraft:wooden_pickaxe":3},"minecraft:dropped":{"minecraft:wooden_pickaxe":2,"minecraft:wheat_seeds":1},"minecraft:picked_up":{"minecraft:raw_iron":3,"minecraft:crafting_table":1,"minecraft:wooden_pickaxe":1,"minecraft:wheat_seeds":1,"minecraft:oak_log":5,"minecraft:dirt":1,"minecraft:cobblestone":28},"minecraft:crafted":{"minecraft:furnace":1,"minecraft:oak_planks":20,"minecraft:stone_axe":1,"minecraft:crafting_table":1,"minecraft:iron_pickaxe":1,"minecraft:stick":12,"minecraft:air":0,"minecraft:iron_ingot":3,"minecraft:stone_pickaxe":1,"minecraft:wooden_pickaxe":1},"minecraft:custom":{"minecraft:time_since_rest":5366,"minecraft:interact_with_furnace":3,"minecraft:play_time":5366,"minecraft:sprint_one_cm":2356,"minecraft:walk_one_cm":7852,"minecraft:sneak_time":2,"minecraft:drop":3,"minecraft:jump":38,"minecraft:time_since_death":5366,"minecraft:total_world_time":5366,"minecraft:fall_one_cm":687,"minecraft:interact_with_crafting_table":4,"minecraft:fly_one_cm":6801}},"DataVersion":3578}